Feature_1,Feature_2,Feature_3,Feature_4,Feature_5,Feature_6,Feature_7,Feature_8,Feature_9,Target
42,6,48,72,40,1,2,1,0,2
76,78,53,68,92,1,1,1,1,0
98,90,26,7,31,2,0,1,0,1
83,63,9,12,62,1,1,0,0,1
92,34,60,53,7,0,2,1,1,0
28,94,40,29,85,0,1,1,0,1
20,75,10,1,49,0,2,0,1,1
40,65,97,2,79,1,2,0,0,2
50,67,86,83,24,2,0,0,0,0
29,81,10,92,16,0,2,1,0,2
25,22,55,51,47,2,1,0,1,0
19,1,87,30,26,2,2,1,0,2
1,77,3,12,99,0,2,0,0,1
34,71,65,5,30,2,0,0,1,0
9,20,73,22,2,1,0,1,1,0
31,19,73,28,51,0,2,0,0,0
45,33,100,83,60,2,1,1,0,0
71,70,69,10,81,2,1,1,1,1
92,88,62,20,2,1,1,1,1,1
81,87,9,26,11,1,2,1,1,1
6,16,64,63,25,0,0,1,0,2
14,32,61,100,46,2,2,1,1,1
94,34,64,71,75,1,2,0,1,2
82,24,56,31,62,0,2,0,1,2
11,62,76,91,0,2,1,0,0,1
50,69,7,67,4,1,1,0,1,1
88,85,91,38,22,1,0,0,1,1
67,51,3,46,20,2,2,1,1,2
100,55,65,58,6,1,0,1,1,0
48,15,16,83,86,0,2,1,1,1
97,74,33,32,25,1,2,0,1,2
65,62,86,40,85,2,0,1,0,2
57,97,78,9,14,0,2,1,0,1
41,92,56,86,16,1,1,0,1,2
59,8,35,72,79,2,2,1,0,1
35,47,50,96,94,1,1,1,0,2
69,73,79,67,21,1,2,0,1,0
76,79,92,5,25,0,1,0,1,2
74,87,92,2,51,1,1,1,0,1
73,59,62,64,51,2,0,0,1,0
89,75,13,88,71,0,1,1,1,1
67,27,70,9,56,2,0,0,1,2
99,65,89,49,13,2,0,0,0,0
15,53,42,41,80,1,2,0,1,0
21,67,18,65,38,1,0,0,1,2
72,18,15,53,24,0,1,0,1,0
17,22,84,10,38,0,1,1,0,0
67,24,62,95,29,1,1,1,0,0
44,89,60,99,50,0,2,0,0,1
97,8,75,1,4,1,2,0,0,1
61,68,51,85,4,0,0,0,0,0
58,67,8,92,21,2,1,1,0,2
26,9,79,60,50,0,1,0,1,2
9,5,61,4,69,1,2,1,0,1
62,55,58,62,88,0,2,0,0,2
58,50,49,3,47,0,2,1,0,0
31,50,51,98,73,0,0,1,0,2
33,35,69,42,15,0,1,0,1,1
58,52,18,97,88,1,2,0,0,1
94,40,80,46,93,2,0,0,1,0
53,54,94,18,61,0,1,0,0,1
98,92,58,64,67,1,1,1,1,1
27,17,25,18,54,2,1,0,0,1
56,5,0,7,96,2,1,1,0,2
50,84,87,24,46,1,0,0,1,1
54,63,82,92,9,2,1,0,0,2
55,11,32,70,16,0,2,1,0,1
60,9,30,59,69,2,1,0,0,1
16,49,36,81,61,2,0,1,0,2
89,79,71,87,76,0,2,1,1,2
28,31,87,79,10,0,2,0,1,0
95,5,34,32,17,0,2,0,0,0
36,12,73,100,89,2,2,0,1,2
80,63,0,62,88,0,2,0,0,1
33,9,83,6,55,2,1,0,1,0
79,36,28,11,16,1,2,1,0,2
47,83,25,82,11,1,2,0,0,2
20,41,60,57,53,1,0,0,1,1
33,6,34,14,64,0,2,1,1,2
89,98,24,58,78,2,0,1,1,0
85,5,51,78,87,0,1,1,1,1
20,70,92,95,31,2,0,0,0,2
52,58,68,61,3,0,2,0,0,2
85,17,98,80,55,1,1,0,0,1
23,65,12,61,53,1,1,1,0,1
14,68,2,36,36,0,2,1,0,1
100,2,62,34,51,2,0,1,1,0
86,27,93,17,35,0,0,0,0,0
32,63,25,47,39,2,2,0,0,2
16,39,6,56,7,2,1,0,1,2
55,30,58,57,11,0,0,0,1,1
47,30,82,62,73,0,2,1,1,2
38,75,19,100,47,0,0,0,0,2
70,53,77,74,70,1,2,0,0,1
28,73,92,72,99,0,2,0,0,0
47,73,82,55,94,2,2,1,0,0
16,8,96,33,44,1,2,1,1,0
87,8,6,15,18,2,2,0,0,2
5,10,75,60,41,0,1,0,0,1
12,11,84,73,19,0,1,0,0,0
49,35,91,87,68,1,2,1,1,2
36,11,98,39,53,2,0,1,1,1
1,49,40,44,8,1,2,1,1,0
61,85,46,4,75,2,2,0,0,0
0,43,21,37,18,2,0,0,1,1
79,30,66,86,41,0,2,1,1,2
81,25,12,57,17,2,2,0,0,2
66,86,2,54,88,2,2,0,1,0
90,57,62,90,51,1,1,1,1,1
88,23,71,8,36,1,1,0,1,2
93,82,52,79,23,2,1,0,0,1
20,99,39,61,69,1,0,0,0,1
68,13,41,49,60,1,1,0,0,0
3,71,87,74,16,2,1,0,1,1
84,56,89,47,43,1,2,0,1,1
44,90,79,89,32,1,2,0,0,1
30,46,5,71,70,1,0,0,1,2
33,52,13,15,42,0,1,0,0,0
72,73,80,11,69,0,2,1,1,0
18,40,52,28,69,1,2,1,1,1
58,88,63,23,88,0,2,0,0,1
15,51,79,5,36,0,0,1,0,2
84,3,97,91,37,0,2,1,1,0
40,91,80,13,70,0,1,1,0,2
85,50,64,92,51,0,1,1,0,0
94,29,56,78,81,1,1,0,0,2
98,29,97,41,10,1,2,1,0,1
26,23,98,38,71,1,0,1,0,2
17,76,44,87,86,1,0,0,0,1
11,48,93,30,91,2,1,1,1,0
21,43,91,63,76,0,2,1,1,0
24,50,6,5,23,2,0,0,0,1
18,82,99,8,35,1,2,1,1,0
39,92,23,47,62,0,1,1,1,2
68,52,53,41,44,2,0,0,1,1
89,13,28,5,6,2,2,1,0,0
36,52,17,86,37,0,2,1,0,2
58,0,67,43,46,0,1,1,0,2
34,86,90,59,89,0,1,1,1,0
51,7,79,40,2,2,0,1,1,0
95,68,83,13,95,0,0,1,0,2
25,69,57,99,39,0,1,1,0,1
50,4,76,31,79,1,2,0,0,0
0,76,53,10,52,2,2,0,1,0
7,24,39,31,87,2,0,1,1,1
27,77,2,99,90,1,1,1,0,1
83,78,61,26,44,1,1,0,0,0
91,24,60,43,96,2,0,1,1,1
45,13,7,47,13,1,0,1,1,2
64,79,81,6,78,0,0,0,1,2
87,48,54,12,72,0,1,1,0,2
55,55,14,56,57,1,1,0,1,0
34,87,96,15,7,2,1,1,0,1
92,86,44,94,39,2,2,1,0,2
53,13,58,93,52,2,1,0,1,1
26,46,79,5,54,1,1,0,1,2
96,43,17,15,11,2,2,1,1,1
19,44,63,58,92,0,2,1,0,2
93,89,21,96,46,2,1,1,1,2
28,85,44,76,8,0,0,0,1,2
23,14,35,12,90,0,1,1,1,2
43,100,70,71,100,0,0,1,0,2
77,75,35,60,80,1,0,0,1,2
39,92,26,0,33,2,2,0,0,2
67,87,20,32,6,2,2,0,0,2
64,2,50,78,94,2,2,1,0,2
53,79,73,92,58,2,2,1,1,1
5,28,16,59,21,2,1,0,1,1
23,80,84,50,49,1,2,0,1,0
10,55,70,41,38,1,1,1,0,2
68,47,56,20,81,2,2,1,0,1
98,19,14,68,76,1,2,1,1,1
50,75,61,84,36,2,2,0,0,1
5,70,25,7,72,2,1,0,1,1
90,3,20,30,20,0,1,0,0,1
24,14,34,48,42,0,0,0,0,1
40,36,56,41,46,0,1,1,1,0
91,60,13,67,52,1,1,1,1,1
83,33,75,96,23,1,1,1,1,0
19,68,29,87,6,0,1,0,1,0
35,37,79,51,14,0,1,0,0,2
45,22,11,92,43,1,2,0,0,2
14,92,48,20,14,0,1,1,1,2
13,41,79,14,62,1,1,1,0,1
67,26,86,92,52,2,0,1,1,2
51,62,72,52,56,1,1,1,1,1
51,42,6,41,3,1,2,1,1,1
68,4,74,91,79,1,0,0,0,2
40,93,3,1,66,0,0,1,0,2
20,69,42,81,68,0,1,0,1,0
8,83,27,25,81,2,2,0,1,0
82,2,72,99,94,2,1,0,1,1
48,16,62,54,22,2,0,0,0,1
33,68,14,46,2,1,2,0,0,2
82,27,2,3,87,0,0,1,0,2
30,44,58,44,74,1,1,1,1,0
36,64,8,16,64,2,2,0,0,2
2,25,52,30,25,2,1,1,0,1
22,29,9,71,88,2,2,1,0,2
63,21,14,55,73,0,0,1,0,0
19,46,86,52,52,0,2,0,1,1
0,1,57,18,61,1,0,1,1,0
77,71,11,25,26,1,2,0,0,0
28,14,45,0,59,2,0,0,0,1
91,56,2,17,51,1,0,1,1,0
59,33,95,92,88,2,1,0,0,2
59,25,71,18,21,0,2,0,1,2
92,32,37,34,66,0,1,1,0,0
82,9,90,14,10,1,1,1,0,2
89,23,76,95,100,1,1,0,1,0
3,12,72,56,97,0,0,1,1,2
36,47,70,0,59,0,0,1,0,0
11,20,10,43,57,2,2,1,1,2
43,77,97,33,24,0,2,1,1,1
3,63,89,15,9,2,1,0,0,1
65,34,82,5,18,0,2,1,1,2
58,52,7,77,9,2,0,0,0,0
66,37,28,14,86,1,0,1,0,2
22,81,45,82,27,1,2,0,0,0
25,9,46,3,54,1,1,0,1,2
65,66,6,54,79,0,2,0,0,2
30,73,18,27,80,0,0,1,1,1
27,18,100,86,19,2,0,1,0,0
12,76,42,10,47,0,1,1,0,0
14,16,53,49,27,0,2,1,0,0
82,3,21,85,100,0,1,1,1,0
38,33,96,43,41,0,0,0,1,0
39,96,11,1,27,0,1,1,1,1
73,85,80,89,66,2,2,1,1,2
70,71,83,75,98,1,1,0,0,0
80,91,9,85,56,0,2,1,1,0
96,85,36,76,90,1,2,0,0,2
63,78,85,93,39,0,1,1,0,1
100,97,59,97,47,2,2,1,1,1
98,18,71,32,43,0,1,1,1,1
91,36,88,35,80,2,0,0,0,2
87,20,1,30,96,2,0,0,1,2
29,75,43,11,50,2,2,0,1,1
48,23,23,59,10,0,1,1,0,1
12,90,71,73,71,0,1,1,1,2
63,19,71,72,70,2,2,1,0,1
77,27,1,42,7,0,0,1,0,0
12,84,91,34,22,1,1,1,0,2
45,14,1,60,75,1,0,1,0,1
63,51,35,66,68,2,0,0,1,0
66,46,82,1,43,2,0,1,1,2
100,63,80,77,27,0,1,1,0,2
90,53,73,66,35,2,0,1,0,0
62,24,85,47,38,0,2,1,0,2
46,93,20,29,91,0,2,0,0,1
30,25,21,20,0,1,1,1,1,2
36,76,84,45,8,2,1,0,0,1
16,46,84,94,58,2,0,0,0,0
53,85,11,63,5,0,2,0,1,0
52,15,89,4,72,0,1,0,1,2
45,13,43,62,93,0,0,1,1,0
51,25,52,28,18,2,1,0,0,0
46,7,22,34,94,0,0,0,0,2
52,98,95,57,4,2,2,1,1,1
15,16,31,95,51,1,0,1,0,2
19,65,83,81,0,2,2,0,0,2
57,92,92,82,43,2,1,0,0,1
5,49,71,87,19,2,1,0,1,1
13,4,40,39,33,1,0,1,0,1
79,44,70,79,70,0,1,1,1,2
26,77,77,43,32,0,0,1,1,1
32,43,19,35,6,2,0,0,1,0
31,66,38,92,23,1,0,0,0,1
85,69,87,86,53,2,1,1,0,0
37,73,79,74,31,0,1,1,0,1
44,60,69,87,96,0,2,0,1,0
52,50,75,55,26,0,1,1,0,0
37,61,17,63,76,1,1,1,0,0
29,48,40,12,33,0,0,1,0,0
99,93,24,65,99,0,2,0,0,0
17,4,18,41,17,2,2,0,0,1
31,20,9,36,48,1,1,1,0,2
85,12,54,16,8,1,1,1,1,2
87,43,77,45,7,1,0,0,0,2
36,18,62,91,45,1,0,1,0,2
93,70,25,45,45,2,2,0,1,2
74,13,84,62,71,2,2,1,1,0
2,27,28,86,17,2,1,1,1,1
34,76,75,46,4,1,1,1,0,0
74,58,74,58,46,2,2,1,1,1
94,94,12,77,88,0,1,0,0,1
32,96,61,78,15,2,2,0,0,1
43,57,5,88,14,2,0,0,0,1
3,55,63,67,93,2,0,1,0,2
33,90,94,55,31,0,1,0,0,1
8,62,71,77,32,2,0,0,1,1
86,20,54,75,56,2,1,0,0,2
1,12,3,83,49,1,0,1,1,0
47,77,29,28,7,1,1,1,0,0
11,40,25,49,1,1,2,1,1,0
54,55,13,5,94,2,0,1,0,0
80,88,60,95,11,0,1,0,1,1
12,18,43,88,94,1,0,0,0,2
58,36,24,15,37,1,0,0,0,2
42,86,13,5,88,2,1,0,1,0
22,59,11,12,99,1,1,1,1,2
97,5,62,37,49,2,2,1,0,1
51,39,7,60,7,1,0,1,1,0
96,33,78,99,59,2,1,0,0,1
56,98,45,21,86,1,2,0,0,1
39,44,54,50,85,0,1,1,0,1
4,94,12,27,83,0,0,0,0,1
96,79,61,92,86,2,1,0,0,1
23,97,6,37,36,1,0,0,1,0
67,97,41,85,4,2,2,1,1,1
63,49,86,14,94,2,0,0,0,0
72,52,24,88,84,0,1,1,1,2
8,37,21,86,48,2,0,1,1,1
67,92,14,64,53,2,0,0,1,1
29,92,19,32,99,1,2,0,0,2
85,76,6,7,27,0,2,0,1,0
44,72,88,79,73,0,0,1,1,1
10,30,11,94,77,0,2,0,0,2
50,43,95,49,16,0,1,1,0,2
34,0,28,50,63,2,1,1,0,1
3,86,27,15,62,1,2,0,0,0
75,52,84,16,39,0,1,0,0,0
12,51,57,95,36,2,0,0,0,1
78,75,60,78,33,2,2,1,0,2
69,16,19,72,58,2,0,0,1,1
68,86,32,77,16,1,1,1,1,0
56,82,96,0,12,2,2,1,0,2
26,69,58,5,96,0,2,0,1,1
93,98,22,9,50,2,2,0,1,2
18,50,91,86,67,1,2,0,0,0
83,82,41,90,56,1,0,0,0,0
97,67,37,61,6,0,1,0,1,0
70,49,51,25,25,1,1,0,0,1
18,8,60,19,49,1,2,0,0,2
79,80,21,12,11,1,1,0,1,1
9,64,95,29,7,1,2,0,1,1
20,21,17,65,47,2,2,0,0,1
43,8,66,53,25,0,2,1,0,1
84,93,91,99,25,1,2,0,1,2
33,7,9,47,54,2,1,0,1,2
53,77,39,14,80,2,0,1,1,1
17,95,22,61,45,2,0,0,0,1
86,98,38,14,52,0,0,1,0,0
87,63,62,91,79,1,2,1,0,0
15,69,65,12,46,0,0,1,0,2
8,62,33,80,90,2,1,1,0,0
28,36,42,85,63,1,0,1,0,2
23,70,33,47,11,1,2,1,0,2
22,78,96,12,86,1,2,0,1,2
95,44,98,64,46,0,2,0,0,0
57,4,76,4,59,0,2,0,0,0
95,20,23,17,20,2,1,1,0,2
53,9,23,84,88,2,0,0,1,2
59,56,22,21,67,2,0,0,1,1
33,69,27,94,98,0,2,0,1,2
38,41,22,69,79,1,2,0,1,2
1,23,16,64,69,2,1,1,1,1
68,59,49,92,11,0,2,0,1,2
46,66,64,26,47,1,1,0,1,2
87,61,43,18,58,0,1,1,1,2
7,54,46,1,93,0,2,0,0,1
93,38,44,31,64,1,2,1,1,0
37,76,10,9,58,1,1,1,1,2
89,54,19,80,16,2,1,1,1,1
67,4,59,22,45,2,2,1,1,2
51,9,45,27,96,0,2,0,1,1
42,25,54,47,28,0,2,0,1,2
26,17,59,73,68,1,2,0,0,1
73,20,23,2,94,1,0,1,0,0
61,100,1,65,41,1,2,0,1,0
33,41,19,96,67,1,0,1,1,0
44,74,41,46,4,1,1,0,1,2
88,48,36,33,72,2,2,0,1,1
69,17,77,18,77,1,0,1,0,2
39,16,59,98,92,1,0,0,0,2
41,80,71,64,52,0,0,1,1,1
99,6,4,23,27,1,0,1,0,2
61,16,100,19,2,1,0,0,0,1
36,89,14,50,47,0,1,0,1,1
7,12,47,2,64,2,2,0,0,0
72,30,25,80,55,1,1,1,1,0
33,8,61,12,68,2,2,0,0,0
40,76,0,88,46,2,1,0,0,1
3,99,62,51,9,0,1,0,0,0
27,5,26,11,61,2,0,1,1,1
51,47,66,45,96,1,2,1,1,2
73,94,14,70,35,1,0,0,0,0
13,77,2,66,85,2,1,0,0,1
18,98,75,53,68,0,0,1,0,1
9,32,12,98,50,1,0,0,0,1
31,74,23,34,82,2,0,0,1,1
69,39,53,43,61,1,2,0,1,0
98,67,32,76,55,0,0,0,0,0
35,53,18,42,11,2,2,0,1,0
10,69,11,90,40,0,2,0,0,1
24,2,2,83,27,1,0,0,1,2
22,47,66,41,87,1,0,1,0,1
39,5,19,10,95,1,1,1,0,2
26,20,12,85,34,2,0,0,1,0
46,85,27,20,17,2,2,0,0,1
30,59,36,20,13,0,1,1,1,1
88,90,59,22,94,0,0,1,1,0
28,46,29,89,83,0,2,0,0,1
37,82,26,88,86,0,0,0,0,2
92,14,58,2,9,0,1,0,0,2
78,79,16,82,10,1,1,0,0,2
47,4,68,63,13,1,2,1,0,1
49,25,71,68,6,2,0,0,0,1
15,54,77,100,55,2,1,0,0,2
3,99,47,16,35,0,0,1,1,1
69,79,92,99,37,1,1,1,0,2
100,61,47,9,35,1,2,0,0,0
28,77,3,43,55,0,1,0,1,2
41,99,12,45,81,0,0,1,0,0
32,20,79,78,56,2,0,0,1,0
68,69,66,47,75,1,1,1,1,0
99,32,35,32,30,0,0,1,1,2
20,26,90,71,100,2,1,1,1,2
61,95,25,65,11,1,0,0,0,1
21,16,6,67,36,0,0,1,0,1
37,95,10,0,24,1,0,1,0,0
41,51,23,52,55,2,2,1,0,2
62,80,7,58,44,0,2,1,0,1
26,51,17,90,85,2,2,0,1,1
15,65,4,81,2,2,2,1,1,1
90,80,79,69,6,1,0,0,0,2
49,13,37,78,46,2,0,0,0,1
32,42,90,28,56,2,1,1,1,0
100,4,92,95,59,1,2,0,1,2
69,1,69,42,3,2,2,1,1,1
55,92,58,88,8,1,1,1,0,1
2,89,47,42,90,0,1,1,1,2
99,95,0,56,52,2,0,1,0,1
15,50,74,89,54,1,1,1,0,1
0,89,27,52,57,2,0,0,1,0
72,59,58,21,7,1,1,1,0,2
48,41,26,38,82,2,0,0,0,1
24,37,84,23,23,0,0,0,1,2
59,82,49,65,13,0,2,0,1,2
52,31,95,91,47,1,1,1,0,0
38,39,41,76,75,0,0,1,0,0
7,78,25,11,42,0,1,0,0,2
50,90,81,99,62,1,0,1,1,0
48,26,8,38,64,2,1,0,1,0
70,89,70,6,71,1,0,1,1,1
79,66,9,70,84,2,0,1,1,0
52,100,94,86,56,0,2,0,1,0
90,85,26,53,3,2,2,1,0,1
87,22,47,82,41,1,0,1,1,1
2,90,2,27,62,1,2,1,0,2
80,30,9,48,85,1,2,1,1,0
93,20,99,52,86,2,0,0,0,1
75,88,53,56,19,0,0,1,0,0
48,6,28,47,92,1,0,0,0,2
12,2,1,15,93,2,0,1,1,0
5,44,70,4,55,1,0,0,0,0
70,97,31,48,12,0,0,0,0,0
29,24,84,59,58,1,2,1,0,1
84,27,57,19,33,2,2,1,0,1
4,81,59,42,56,0,0,1,1,2
56,74,53,80,44,1,2,0,1,0
85,36,83,47,53,0,0,1,1,2
47,5,33,62,77,0,1,0,1,2
47,22,83,12,46,2,1,1,0,1
43,31,25,52,13,2,2,0,1,0
51,35,7,39,85,0,0,1,0,0
21,15,90,59,59,0,0,0,1,2
9,24,30,20,90,0,2,1,0,0
80,32,30,89,20,0,0,0,1,1
35,64,3,67,89,1,1,1,0,2
3,8,29,44,3,2,2,1,1,2
68,22,15,21,100,1,1,1,1,1
71,47,61,96,59,0,0,0,0,1
79,4,79,6,50,2,1,1,1,1
64,8,81,44,46,2,0,1,1,1
66,23,91,9,72,2,2,0,1,1
76,47,34,53,86,2,0,1,0,1
80,70,15,52,39,2,0,0,1,2
99,19,87,68,44,1,2,0,0,0
5,91,68,48,38,2,0,1,1,0
1,38,20,39,100,2,0,0,1,2
81,53,11,80,36,2,1,0,0,0
37,14,6,77,49,1,1,0,1,0
64,66,100,43,30,2,2,1,0,2
42,76,47,81,80,1,1,0,1,0
80,60,74,83,9,0,0,0,0,0
28,47,97,80,61,1,1,1,1,2
12,43,46,63,90,2,1,1,1,0
52,89,91,76,75,0,0,0,1,1
43,27,1,100,56,0,0,1,0,2
56,33,86,57,51,0,0,0,0,0
28,34,74,47,32,1,0,1,0,0
74,72,77,8,47,0,0,1,0,1
66,92,82,35,95,0,1,1,0,2
70,91,43,81,59,2,2,1,1,2
62,4,86,85,89,2,2,0,0,0
75,39,18,46,64,0,2,1,0,1
66,90,17,49,29,2,1,1,1,1
65,4,92,96,41,1,1,1,0,1
83,93,4,49,84,0,0,1,1,1
57,78,83,7,30,0,1,1,1,1
11,20,93,61,90,2,1,0,0,1
89,32,25,89,99,0,1,1,0,2
39,64,58,14,0,2,0,0,1,0
10,54,1,64,94,2,2,0,0,0
43,15,21,17,46,0,2,0,0,1
80,29,9,98,57,1,2,0,0,2
61,84,79,5,66,2,2,1,0,2
40,42,84,76,17,1,2,1,1,1
57,59,87,26,67,2,1,1,0,0
21,23,39,73,65,0,0,0,1,1
39,5,17,80,86,0,2,1,1,2
29,20,61,9,12,0,1,0,0,1
75,8,67,38,23,2,2,0,1,0
33,60,40,4,78,2,0,0,0,0
49,3,50,51,38,0,0,1,0,2
7,44,87,27,26,2,1,1,0,1
64,33,80,100,61,2,1,1,0,1
61,37,25,23,38,2,1,1,0,2
20,93,46,47,12,2,2,1,1,1
100,2,31,34,18,1,1,0,0,2
13,47,85,80,67,1,1,1,0,1
44,18,63,100,65,1,1,1,1,0
78,65,74,44,86,1,1,0,0,2
73,66,68,2,37,2,1,0,1,1
76,41,82,39,49,1,2,1,0,1
34,23,87,16,39,2,0,1,1,1
73,65,43,22,5,0,1,0,1,2
65,20,34,28,6,1,0,1,1,0
92,52,36,22,96,0,1,0,0,1
7,75,47,9,78,0,1,1,0,2
23,89,46,52,38,2,2,1,0,1
66,65,5,20,72,0,2,1,1,0
73,35,2,87,85,2,2,1,1,0
77,41,44,43,90,2,1,0,1,0
32,59,85,92,82,1,0,1,0,2
82,69,82,76,25,2,2,0,1,1
85,20,99,1,46,2,0,1,0,2
29,26,70,19,49,1,2,1,1,1
94,22,12,80,3,1,0,1,1,2
13,19,12,2,89,1,2,1,1,1
89,81,95,77,46,1,1,1,1,2
2,0,89,23,34,0,0,1,0,1
13,66,12,46,49,0,0,0,0,2
77,84,25,2,50,1,1,1,1,0
39,67,35,50,0,0,0,1,0,2
32,6,51,10,26,2,2,0,1,0
13,85,79,45,75,0,1,0,0,0
9,23,60,17,85,0,1,1,1,1
8,16,57,12,49,1,2,0,1,0
100,5,84,50,35,0,0,0,0,0
70,99,24,10,43,1,0,0,1,1
13,28,73,49,4,2,2,0,0,2
71,68,87,56,25,0,0,1,1,2
5,15,59,99,11,2,0,0,1,0
74,2,62,63,61,1,0,1,0,2
100,5,18,17,79,1,0,1,0,0
86,42,100,72,2,0,2,1,1,2
71,37,67,75,43,1,2,0,0,2
94,88,79,62,41,0,2,1,1,2
63,53,77,76,70,0,0,1,0,0
75,36,3,1,98,0,1,1,0,1
43,66,67,75,82,1,1,1,1,2
73,61,0,16,15,2,0,1,1,2
8,52,72,58,8,2,2,1,0,2
11,40,14,65,74,0,2,0,0,0
10,7,54,95,5,0,0,1,0,1
52,19,38,98,71,0,0,0,1,0
33,56,18,70,30,2,2,1,0,2
81,39,13,99,80,2,1,0,0,0
36,43,8,57,19,2,2,0,0,2
91,49,19,35,26,1,0,0,0,2
71,31,0,16,8,0,0,1,0,0
83,44,95,65,31,1,2,1,1,2
44,8,29,83,37,2,2,1,0,2
59,0,4,62,98,2,1,0,1,1
35,64,77,72,93,2,0,0,0,0
23,3,77,88,67,1,1,1,0,0
24,73,98,6,12,0,0,1,1,2
67,42,56,35,13,2,0,1,1,2
81,71,95,26,36,1,1,0,1,0
86,70,75,24,66,1,2,0,0,0
89,3,99,78,95,2,0,0,0,0
92,73,84,15,18,2,2,1,1,2
28,50,17,57,43,1,1,1,1,1
15,64,1,55,78,0,1,1,0,1
27,64,4,21,99,2,0,1,0,2
12,64,15,85,63,0,1,0,1,2
31,79,50,78,57,1,1,0,0,2
45,51,62,75,59,0,1,1,1,0
64,80,54,56,91,2,0,1,0,2
70,72,85,25,11,1,2,1,1,0
70,45,46,78,37,2,1,0,1,1
20,13,1,71,69,2,0,0,0,2
100,100,32,5,89,0,2,1,0,2
36,13,36,7,76,0,1,0,1,0
12,39,91,57,17,2,0,1,1,0
56,82,37,31,85,1,1,0,0,0
65,76,86,24,91,0,2,1,1,1
57,74,32,87,65,1,1,1,0,1
29,80,33,85,68,1,1,1,0,2
47,39,50,79,12,2,0,1,0,2
89,30,38,62,47,0,0,0,1,0
86,47,60,11,77,1,2,0,0,1
55,17,26,27,81,0,2,1,1,2
79,51,15,76,57,0,1,0,0,0
92,8,25,27,76,0,1,0,1,0
35,8,46,77,50,1,0,0,0,1
75,56,31,66,56,2,1,1,1,1
53,15,61,83,95,2,0,1,1,2
55,22,16,79,37,1,2,1,0,2
71,82,29,57,97,1,0,0,0,0
77,21,16,14,47,1,0,1,1,0
31,76,84,39,96,2,1,1,0,0
56,57,90,98,15,2,0,1,1,2
27,97,0,40,47,0,2,1,0,1
30,35,32,32,81,2,0,1,1,2
22,59,86,78,89,2,0,0,1,1
29,88,44,79,38,2,0,1,1,2
44,77,80,11,92,0,1,0,1,2
31,55,23,12,19,0,0,1,0,1
78,55,52,67,53,1,1,0,1,2
33,27,49,1,93,2,2,0,1,2
25,50,46,25,83,0,2,0,1,0
91,83,74,73,60,2,0,1,1,1
22,36,40,51,82,1,1,0,0,1
81,48,26,5,73,0,0,1,1,0
65,23,37,27,27,0,0,1,1,1
65,60,45,68,74,0,0,0,0,0
73,42,58,1,14,2,2,1,0,1
36,70,19,97,34,2,1,0,0,1
33,85,30,86,18,0,0,1,1,1
67,23,83,38,91,2,1,0,0,1
53,38,16,18,47,2,0,1,1,0
34,31,46,46,63,0,2,1,0,0
45,34,93,16,41,2,0,0,0,1
28,69,16,80,13,2,0,1,1,2
23,56,49,56,100,2,1,1,1,0
60,38,54,95,35,0,1,1,0,1
36,13,26,82,30,2,1,0,0,0
72,80,82,43,67,2,1,1,0,2
47,56,74,21,3,1,1,1,0,2
80,71,45,58,33,0,1,0,1,2
10,30,10,55,37,2,2,0,0,1
20,93,9,25,90,0,0,0,0,1
7,7,59,71,33,2,1,0,0,2
15,12,86,75,90,2,0,0,1,0
21,95,26,63,1,0,2,0,1,0
96,25,91,82,68,1,1,0,1,2
96,83,29,7,37,0,2,1,0,1
60,80,64,66,45,2,0,1,1,0
89,94,71,42,58,2,0,0,1,0
45,71,34,38,91,1,1,0,1,0
50,3,79,76,83,2,1,1,1,1
50,4,54,100,19,1,0,1,0,2
23,35,33,53,33,0,2,0,0,1
82,16,4,88,17,0,2,0,0,0
54,52,49,71,90,2,0,1,0,2
78,44,12,15,85,1,1,1,0,1
83,12,19,65,98,1,1,0,0,2
46,18,44,36,53,2,1,0,1,0
5,13,3,85,54,2,0,0,1,1
99,33,26,6,2,0,2,1,0,2
46,96,1,79,24,1,2,1,1,1
59,78,23,14,94,1,1,0,1,0
13,53,77,5,77,2,2,0,0,2
80,17,19,61,80,1,2,1,1,0
79,39,38,51,31,1,2,1,1,2
72,26,51,96,62,0,1,1,1,0
73,62,16,48,99,0,2,1,0,0
80,81,22,97,71,0,2,0,0,1
12,22,56,61,53,1,2,1,1,0
19,85,51,22,34,2,1,1,0,1
66,33,32,45,80,2,1,0,0,0
44,18,93,86,14,2,1,1,0,0
77,65,38,17,69,0,2,0,1,0
58,31,20,39,91,2,2,0,0,2
26,1,96,79,38,1,2,0,1,1
85,55,12,55,65,1,2,0,1,2
77,55,27,63,70,0,2,1,0,1
81,63,55,40,99,0,1,0,1,0
40,99,3,56,29,0,2,1,1,2
87,83,45,55,30,2,1,1,1,1
87,6,89,76,53,2,2,0,1,0
7,54,68,43,12,1,1,0,1,1
92,19,77,31,59,0,1,0,1,1
49,26,24,51,67,2,1,0,0,0
20,17,38,14,52,2,0,1,1,2
37,47,51,87,71,1,2,0,0,0
27,84,15,15,34,1,1,0,1,2
16,72,98,51,92,1,1,1,1,1
81,11,82,47,21,0,2,1,0,1
48,51,78,0,65,1,2,1,1,1
63,7,85,24,65,0,2,1,1,2
72,72,76,69,93,2,0,1,0,0
78,50,52,14,49,1,2,1,0,2
70,74,37,39,65,2,1,1,1,1
38,73,16,6,38,1,2,1,1,1
67,34,50,46,35,0,1,0,0,0
63,94,88,12,17,1,0,1,0,2
20,64,99,7,47,2,1,0,1,1
84,42,52,84,26,2,2,0,0,2
18,22,49,50,42,2,0,1,1,2
98,50,68,40,71,2,2,0,1,0
10,79,87,84,51,1,1,1,1,0
22,48,37,46,71,0,0,0,1,1
6,65,93,76,61,1,1,1,0,0
86,28,37,100,83,0,2,0,0,2
32,28,78,22,2,0,2,0,0,0
100,92,44,7,85,1,1,1,0,2
28,1,49,64,19,1,2,1,0,1
51,84,36,71,26,0,2,1,1,2
46,98,5,59,44,0,0,0,0,0
43,82,17,64,24,0,1,0,0,0
26,6,43,28,94,0,1,0,0,1
43,35,18,5,24,0,0,1,1,0
30,8,83,73,36,1,1,1,1,1
26,12,40,65,84,2,0,1,0,1
96,23,43,97,59,1,2,0,1,0
8,1,55,29,21,2,1,1,0,2
74,80,99,12,70,0,2,0,0,1
15,96,44,64,10,0,0,0,1,2
69,19,98,62,100,2,1,1,0,0
89,11,61,93,91,0,1,0,1,2
90,41,82,68,57,2,0,1,1,2
4,26,27,25,90,1,1,0,1,2
48,20,0,91,57,0,1,0,0,2
78,54,80,25,83,1,2,0,1,0
24,76,32,88,71,2,1,1,0,0
68,5,22,29,77,1,0,1,0,2
53,86,10,30,5,2,0,1,0,0
10,76,11,65,52,1,0,0,1,0
98,35,16,27,91,1,2,1,0,1
21,6,14,95,10,2,1,1,0,0
23,66,29,69,65,2,1,0,0,2
60,77,40,81,50,0,1,0,0,0
43,94,12,89,11,0,1,0,0,0
81,8,84,47,48,2,1,0,1,0
52,55,39,23,97,1,1,1,0,0
71,32,22,76,53,2,1,0,0,1
52,48,77,77,79,2,1,1,0,2
48,59,89,89,64,0,1,0,0,2
31,78,20,17,93,0,2,1,1,0
59,12,23,29,1,2,1,1,0,0
82,24,49,13,5,2,1,0,1,1
75,83,86,29,29,2,0,0,1,0
37,57,93,40,93,2,0,1,0,1
56,35,63,97,15,1,1,0,0,2
87,77,89,71,13,1,0,0,1,2
30,65,67,64,54,1,1,1,1,1
83,77,39,24,24,0,2,1,1,2
2,68,25,39,37,1,2,1,0,0
37,67,6,93,29,2,1,1,0,0
18,34,32,32,77,1,0,0,1,1
37,9,56,27,77,0,1,1,0,2
99,37,15,20,91,2,0,0,1,2
96,5,40,14,2,0,1,1,0,1
42,46,98,13,65,1,1,1,1,1
28,3,25,11,1,1,0,1,1,2
16,34,9,85,42,0,0,1,0,1
20,14,34,84,84,2,0,1,1,0
84,59,43,95,4,0,1,0,0,2
72,17,20,71,97,0,0,1,1,1
73,50,40,23,23,0,1,0,1,1
95,96,37,43,56,0,0,1,1,1
58,33,74,94,81,2,2,0,1,2
22,85,42,81,39,2,2,1,0,0
46,40,46,19,76,1,2,1,1,0
64,67,23,99,35,0,2,1,1,2
44,1,27,25,22,1,2,0,0,1
78,35,90,5,34,2,1,1,1,2
37,34,99,73,93,1,1,1,1,2
52,37,92,58,42,1,1,0,0,1
3,4,67,99,44,1,0,0,1,2
79,24,77,10,28,2,2,1,1,0
33,85,13,23,58,1,1,0,0,2
38,25,42,35,38,0,0,0,0,1
60,15,58,95,5,1,0,0,1,2
97,55,7,93,26,0,1,1,1,0
70,26,88,45,40,1,1,0,1,2
78,24,85,17,11,1,2,1,0,2
86,50,38,88,9,2,1,0,0,2
93,73,97,76,53,0,1,1,0,2
28,40,8,62,76,2,0,1,1,1
36,13,100,72,71,2,1,0,1,0
38,39,53,2,54,2,2,0,0,0
32,95,70,18,33,2,0,1,1,0
77,49,46,45,55,2,0,1,0,2
56,82,50,53,89,1,1,1,0,0
80,27,18,26,47,2,0,0,1,1
18,96,50,6,28,1,0,1,1,2
42,68,93,57,7,0,2,1,0,2
41,75,41,12,25,2,0,1,0,0
17,41,50,83,15,0,2,1,1,2
100,2,90,78,97,0,2,1,0,2
44,21,22,58,61,0,2,1,0,0
67,53,56,22,59,0,2,1,1,1
72,87,84,54,79,0,1,0,0,1
62,55,54,24,25,1,0,1,1,0
48,62,44,72,78,1,0,0,1,1
38,96,64,68,55,0,1,0,1,1
8,69,27,44,25,0,2,0,0,1
27,39,14,5,26,0,0,0,0,2
37,67,74,84,63,1,2,0,1,2
29,81,98,2,61,0,0,1,1,2
11,90,29,84,37,0,0,1,1,1
84,59,37,14,17,0,0,1,1,2
51,28,59,20,16,2,2,1,1,1
17,56,36,59,37,0,0,0,0,0
11,74,83,72,0,1,2,1,0,1
57,2,62,20,22,2,0,1,0,2
8,82,54,18,61,2,2,0,0,1
86,90,90,38,99,1,1,1,1,2
75,26,45,33,32,2,2,1,1,2
91,94,95,49,19,2,0,0,1,0
39,98,94,57,30,1,0,0,1,0
37,85,44,40,8,1,1,0,0,2
8,62,78,76,21,1,2,0,0,1
15,31,65,89,13,1,0,1,1,0
37,97,7,99,20,1,0,0,1,0
55,45,42,91,45,1,1,1,0,2
47,69,83,30,32,2,0,1,1,1
43,70,7,72,1,1,1,1,0,0
16,51,44,36,41,0,1,1,0,0
43,80,37,98,93,2,0,0,0,1
5,67,50,100,34,2,0,1,1,0
57,56,72,5,12,0,0,1,0,1
58,85,91,29,99,1,0,1,0,2
1,57,35,71,44,0,0,1,0,0
8,64,76,49,78,2,0,1,1,2
31,97,42,94,77,1,0,1,0,1
53,46,13,47,54,0,2,0,1,2
28,46,62,18,90,1,1,0,0,2
8,100,36,91,51,1,0,0,1,2
56,87,27,35,63,0,1,1,1,1
17,88,34,67,77,1,2,0,1,1
38,89,7,87,79,1,0,0,0,1
83,14,6,16,85,0,0,1,1,1
85,63,11,81,55,2,1,1,0,1
45,46,78,100,15,0,2,0,1,0
68,1,91,53,26,2,0,0,1,0
30,40,35,46,42,2,2,1,1,0
64,49,92,0,71,0,2,1,1,2
56,15,27,85,81,0,0,1,0,2
21,40,75,18,88,2,0,0,1,1
49,58,68,33,38,0,1,1,0,1
73,6,100,51,59,0,1,0,1,0
51,78,23,25,89,1,1,1,0,1
89,9,16,77,1,1,2,1,0,2
76,26,72,70,47,2,0,1,0,1
73,8,85,22,70,0,0,1,1,0
72,26,87,92,80,2,1,1,0,1
83,70,42,6,91,2,2,1,0,2
82,62,83,43,38,0,0,0,0,0
39,6,69,24,58,0,1,0,1,1
12,85,80,85,97,1,2,1,1,2
61,7,44,17,87,1,0,0,1,0
59,59,1,65,90,1,1,0,0,0
13,47,55,11,95,1,1,0,1,2
91,54,27,88,3,0,0,0,1,1
89,35,49,2,0,2,2,1,1,1
16,70,61,47,61,2,1,0,1,1
68,18,33,98,48,1,0,0,0,0
79,46,90,49,88,2,0,0,0,0
25,55,77,13,77,2,2,1,1,1
24,99,3,78,31,2,1,1,1,0
81,77,64,60,19,2,2,0,0,0
73,9,87,33,60,1,2,0,0,2
91,26,39,64,32,1,1,1,1,1
67,70,8,15,4,0,1,0,0,1
97,22,42,88,56,1,1,0,0,1
50,12,23,10,51,2,0,1,0,0
16,36,12,61,90,2,1,1,1,0
83,96,95,7,55,1,0,0,0,0
92,82,69,43,59,0,1,1,1,1
40,20,85,41,73,1,2,0,1,0
73,28,79,64,16,1,2,0,0,1
29,25,52,18,52,0,2,1,1,0
84,16,45,84,52,1,2,0,0,1
63,44,48,18,70,2,0,1,1,2
80,64,36,69,25,2,1,1,1,0
1,58,95,4,36,2,2,0,0,1
30,75,98,93,47,2,1,0,1,2
5,14,14,60,15,2,1,1,0,2
19,76,43,41,45,2,0,1,1,0
94,33,63,28,2,0,0,1,1,1
8,74,74,24,85,1,1,1,1,0
41,45,72,83,58,1,2,0,0,2
20,73,21,28,62,1,1,0,0,0
72,60,63,68,39,1,1,1,0,1
74,0,64,61,53,0,2,0,0,2
59,45,4,21,89,0,2,0,1,0
52,69,31,10,9,2,0,1,0,0
38,97,30,11,79,1,0,0,1,0
37,66,65,51,4,2,2,1,0,0
10,24,34,34,21,1,0,1,1,0
36,85,54,74,95,2,0,0,1,2
98,94,71,63,19,1,1,0,0,2
97,3,17,50,67,2,1,1,1,1
19,8,79,25,24,2,2,1,1,0
67,40,58,44,40,1,1,1,1,1
37,18,13,20,14,0,0,0,1,2
2,36,45,15,13,2,0,0,1,0
8,6,13,5,84,2,1,1,1,1
14,51,71,33,0,1,0,1,1,0
95,68,93,85,19,2,2,0,0,0
79,6,6,49,1,0,2,0,1,1
46,13,30,49,60,2,1,1,1,2
40,13,4,74,4,2,2,0,0,1
63,28,74,4,95,2,0,1,0,1
35,78,18,63,21,0,0,1,1,1
33,55,16,75,88,2,2,0,0,0
55,16,73,91,81,0,0,0,0,2
17,44,95,77,55,2,2,1,1,2
79,49,57,17,79,1,0,0,0,0
80,6,75,97,9,2,0,0,0,2
68,84,2,82,43,0,0,1,1,1
98,69,13,3,17,1,2,1,1,2
92,98,51,37,79,2,0,1,1,0
19,87,98,43,50,2,1,1,0,2
18,67,96,65,12,0,1,1,0,0
61,60,29,97,29,1,2,0,0,1
50,87,47,32,73,2,1,1,1,0
81,18,70,56,18,2,1,1,1,2
87,78,40,41,86,1,0,0,1,1
51,3,3,4,40,1,1,0,1,2
86,100,60,74,54,2,0,1,0,0
74,12,13,59,71,2,0,0,0,1
24,81,43,81,9,2,1,1,1,0
70,49,43,13,14,0,0,0,1,2
15,1,29,29,81,0,0,0,1,0
30,76,19,48,34,2,2,0,0,2
22,96,98,99,60,0,0,1,0,2
83,54,66,7,39,0,2,1,1,1
58,31,92,6,1,0,0,0,0,1
84,5,91,35,31,0,2,1,1,0
44,41,52,8,74,1,1,0,0,2
86,74,48,1,66,2,1,0,1,2
10,49,34,14,74,0,0,1,1,1
30,91,61,27,95,2,2,0,0,1
24,83,91,24,74,1,1,1,1,1
82,91,0,58,68,0,2,0,1,1
73,41,33,99,65,1,1,0,0,0
17,76,4,19,65,0,0,0,1,0
74,61,93,95,31,0,0,1,0,0
57,49,37,54,27,1,2,0,1,0
73,85,80,21,42,2,0,0,1,1
82,80,87,35,95,0,1,1,1,0
51,35,27,77,57,0,2,0,0,0
35,69,8,20,63,0,2,0,0,0
75,60,93,94,39,0,0,1,0,1
55,3,30,26,57,2,1,1,0,2
24,68,69,4,90,1,0,0,0,1
7,8,14,99,6,0,2,0,0,2
95,71,14,36,82,2,0,1,0,2
38,5,82,56,91,2,1,0,0,0
80,18,62,30,74,1,2,0,0,0
78,9,86,66,61,2,2,1,0,0
2,17,24,19,57,1,0,1,0,1
92,85,49,78,9,2,2,1,0,1
20,28,95,9,12,2,0,0,1,0
46,22,49,86,94,2,2,0,1,1
3,66,84,52,1,1,2,0,1,1
67,64,78,56,96,1,0,1,1,2
69,6,18,43,62,2,2,0,1,1
64,38,82,25,43,1,0,0,1,2
11,21,76,91,13,0,1,1,1,0
85,29,43,83,90,0,0,0,0,1
37,58,41,51,62,0,0,0,1,2
60,33,38,40,36,0,0,0,0,1
64,78,31,7,96,0,0,1,1,2
17,44,92,95,32,2,1,0,0,2
4,81,73,35,96,0,1,0,1,1
22,39,4,33,23,0,0,1,1,0
16,94,70,80,91,2,1,1,1,2
21,14,100,14,24,1,2,0,0,0
52,20,65,90,31,2,1,0,1,1
20,67,43,82,65,0,0,1,0,1
89,97,13,14,19,1,0,0,0,0
33,35,82,8,70,2,2,1,1,1
29,76,90,62,34,2,1,1,1,2
12,78,45,55,8,1,1,1,0,0
86,35,2,97,18,0,1,0,1,1
27,22,6,75,13,1,2,1,0,1
45,14,66,14,50,0,0,1,1,0
87,7,68,61,50,2,0,0,1,2
62,67,77,15,83,1,0,1,0,0
23,5,56,30,5,2,0,1,1,1
98,78,28,66,74,2,1,0,0,1
2,27,73,96,47,1,2,1,0,0
79,9,32,99,66,1,1,0,1,2
68,11,56,43,12,0,1,0,1,2
23,43,56,95,15,2,1,0,0,2
95,100,99,20,75,0,2,1,1,0
50,20,59,50,20,1,1,1,0,2
5,72,64,75,57,1,2,1,1,2
77,5,64,85,33,0,2,0,0,2
55,74,2,41,61,2,0,0,1,2
5,5,62,19,20,2,2,0,0,1
1,89,94,89,55,1,2,1,0,0
